{
  "verification_level": 0,
  "explicit_content_filter": 0,
  "default_message_notifications": 0,
  "embed_enabled": false,
  "embed_channel_id": null,
  "widget_enabled": false,
  "widget_channel_id": null,
  "features": [],
  "id": "1",
  "emojis": [
    {
      "roles": [],
      "require_colons": true,
      "name": "emoji_name_1",
      "managed": false,
      "id": "10"
    },
    {
      "roles": [],
      "require_colons": true,
      "name": "emoji_name_2",
      "managed": false,
      "id": "11"
    }
  ]
}
